url,label
http://urgent.paypal.5sowo.xyz,1
http://facebook-password-unlock.club,1
https://www.apple.com/user/settings,0
https://www.bankofamerica.com/contact,0
http://ow.ly/gtcyfdv,1
https://www.wikipedia.org/docs/getting-started,0
https://www.spotify.com/products,0
http://microsoft-login-suspend.tk,1
https://www.reddit.com/docs/getting-started,0
http://dhl-account-login.click,1
http://account.amazon.ggo8y.buzz,1
https://www.linkedin.com/docs/getting-started,0
https://www.twitter.com/about,0
http://usps-secure-pqfn.xyz,1
https://www.nasa.gov/news/latest,0
http://netflix-suspend-support-center.click,1
http://chase-support-center-urgent.xyz,1
https://www.irs.gov/docs/getting-started,0
http://americanexpress-suspend-8uhw.club,1
https://www.reddit.com/blog/2024/update,0
http://41.113.107.124/password/nvjuuw.php,1
http://dhl-secure-password.top,1
https://www.cnn.com/products,0
http://24.104.98.97/suspend/4dakf5.php,1
http://179.88.210.31/support-center/1i4eoy.php,1
https://www.un.org/about,0
http://instagram-confirm-confirm.tk,1
http://instagram-billing-h7xe.club,1
http://account.chase.hq57u.cf,1
https://www.salesforce.com/news/latest,0
https://www.instagram.com/news/latest,0
https://www.linkedin.com,0
http://dhl-login-ze3s.buzz,1
https://www.yahoo.com/careers,0
https://www.cnn.com/docs/getting-started,0
https://www.paypal.com/docs/getting-started,0
http://253.175.112.52/support-center/jquefy.php,1
https://www.google.com/news/latest,0
http://35.219.19.116/secure/2fuwe9.php,1
https://www.linkedin.com/products,0
https://www.dropbox.com/contact,0
https://www.harvard.edu/products,0
http://177.42.16.56/support-center/q4g2vq.php,1
http://americanexpress-recover-nzp9.click,1
https://www.apple.com/contact,0
http://142.206.234.183/recover/0oup0u.php,1
http://confirm.amazon.dzto1.club,1
http://urgent.amazon.neu4l.ml,1
https://www.bankofamerica.com/docs/getting-started,0
https://www.reddit.com/contact,0
https://www.harvard.edu/blog/2024/update,0
http://215.217.20.242/support-center/da0ioe.php,1
http://urgent.dhl.yjklk.club,1
https://www.instagram.com/user/settings,0
http://5.151.18.4/update/ncdz6s.php,1
http://5.52.134.221/suspend/0jgl4c.php,1
http://t.co/3fg6ize,1
http://tinyurl.com/vtanmh4,1
https://www.adobe.com/products,0
http://verify.chase.3axms.buzz,1
http://recover.bankofamerica.700ei.cf,1
http://bankofamerica-support-center-billing.click,1
http://netflix-support-center-uzuu.tk,1
https://www.nasa.gov/news/latest,0
https://www.irs.gov/news/latest,0
http://instagram-secure-secure.buzz,1
https://www.microsoft.com/news/latest,0
https://www.nasa.gov/help/support,0
http://tinyurl.com/7rs8r0m,1
https://www.linkedin.com/about,0
http://128.220.146.43/confirm/kqgho6.php,1
http://usps-password-rmhv.buzz,1
https://www.cnn.com,0
http://is.gd/m7aef9s,1
http://usps-recover-fsby.tk,1
https://www.irs.gov/help/support,0
https://www.nasa.gov/news/latest,0
http://tinyurl.com/7blmmdp,1
http://unlock.apple.czv1g.click,1
http://106.85.184.121/verify/ia9k04.php,1
https://www.harvard.edu,0
https://www.chase.com/products,0
http://82.153.57.8/billing/rd47wo.php,1
https://www.bankofamerica.com/about,0
https://www.nasa.gov/news/latest,0
http://billing.instagram.r1yw3.tk,1
http://ow.ly/mu46jd2,1
http://wellsfargo-update-suspend.buzz,1
http://google-urgent-5m8p.gq,1
http://bankofamerica-update-verify.ml,1
https://www.instagram.com,0
https://www.un.org/user/settings,0
https://www.bankofamerica.com/blog/2024/update,0
http://ow.ly/glfri8m,1
https://www.amazon.com/docs/getting-started,0
http://chase-support-center-unlock.gq,1
https://www.microsoft.com/contact,0
http://242.143.243.72/account/jvzify.php,1
http://117.13.236.93/recover/mrx36z.php,1
http://microsoft-password-ii7k.tk,1
http://wellsfargo-suspend-update.click,1
http://is.gd/z1ubyh8,1
http://suspend.google.1fo2w.club,1
http://tinyurl.com/ek1r0t4,1
http://suspend.microsoft.k3596.tk,1
https://www.reddit.com/careers,0
https://www.google.com/contact,0
https://www.stackoverflow.com/contact,0
http://netflix-secure-xj6y.top,1
http://13.101.147.141/support-center/5jdxa1.php,1
https://www.linkedin.com/blog/2024/update,0
https://www.un.org/about,0
http://login.usps.ec1we.info,1
https://www.reddit.com/news/latest,0
http://3.77.146.155/verify/vs3875.php,1
https://www.irs.gov/help/support,0
http://tinyurl.com/x69gup3,1
https://www.who.int/about,0
http://is.gd/efujeir,1
http://paypal-password-tkz6.top,1
http://google-confirm-password.top,1
https://www.salesforce.com/news/latest,0
http://9.170.92.221/confirm/438r92.php,1
http://apple-recover-account.xyz,1
https://www.espn.com/docs/getting-started,0
http://microsoft-signin-signin.cf,1
http://netflix-support-center-signin.xyz,1
https://www.chase.com,0
https://www.espn.com/docs/getting-started,0
https://www.stackoverflow.com/news/latest,0
http://tinyurl.com/ft9yvi7,1
https://www.mit.edu/contact,0
http://usps-confirm-jghf.click,1
http://paypal-password-6fo1.ml,1
https://www.google.com/news/latest,0
http://paypal-login-o8wa.ml,1
https://www.wikipedia.org/blog/2024/update,0
http://75.172.18.65/verify/m5vwip.php,1
http://t.co/9dkyafj,1
http://paypal-verify-password.xyz,1
https://www.reddit.com/help/support,0
http://208.231.215.88/recover/f6lcp2.php,1
https://www.nasa.gov/docs/getting-started,0
http://t.co/y54clrz,1
http://suspend.apple.pr4vx.tk,1
http://verify.facebook.32cdx.tk,1
https://www.chase.com/help/support,0
http://ow.ly/gu58flm,1
http://107.14.102.129/confirm/pyfxob.php,1
https://www.mit.edu/news/latest,0
http://172.15.52.69/billing/ksqjds.php,1
http://password.amazon.gz0c9.xyz,1
http://t.co/ib5sq0z,1
http://instagram-unlock-1z14.ml,1
https://www.salesforce.com/user/settings,0
http://56.115.156.255/password/4ko0jl.php,1
http://paypal-update-xbvt.cf,1
https://www.adobe.com/blog/2024/update,0
https://www.amazon.com/about,0
http://amazon-suspend-login.gq,1
https://www.wikipedia.org/about,0
https://www.github.com/blog/2024/update,0
http://secure.usps.lsg4i.buzz,1
https://www.apple.com/blog/2024/update,0
https://www.google.com/contact,0
https://www.bbc.com/docs/getting-started,0
https://www.nasa.gov/contact,0
http://instagram-unlock-unlock.buzz,1
http://wellsfargo-confirm-w2rf.club,1
https://www.cnn.com/about,0
http://netflix-billing-account.top,1
http://t.co/9g7hsfk,1
https://www.adobe.com/contact,0
https://www.bankofamerica.com,0
https://www.mit.edu/about,0
https://www.un.org/products,0
https://www.nytimes.com/careers,0
https://www.adobe.com,0
https://www.bankofamerica.com/about,0
https://www.github.com/careers,0
http://google-verify-suspend.cf,1
http://dhl-login-x9x3.cf,1
https://www.harvard.edu/products,0
http://bit.ly/ptc2qwf,1
http://bankofamerica-support-center-signin.info,1
http://google-password-qhfk.tk,1
http://t.co/qjvfjwt,1
http://bit.ly/smcmcut,1
https://www.yahoo.com/blog/2024/update,0
https://www.linkedin.com/news/latest,0
https://www.stackoverflow.com/about,0
https://www.reddit.com/news/latest,0
https://www.bankofamerica.com/help/support,0
https://www.un.org/blog/2024/update,0
https://www.nytimes.com/blog/2024/update,0
https://www.espn.com/products,0
http://instagram-suspend-account.ml,1
https://www.instagram.com/contact,0
https://www.microsoft.com/news/latest,0
http://ow.ly/4wv98y3,1
https://www.who.int,0
http://ow.ly/y9hqq2n,1
http://125.181.113.144/update/85ml8w.php,1
https://www.chase.com/help/support,0
http://login.facebook.8ju6o.gq,1
https://www.netflix.com/blog/2024/update,0
https://www.chase.com/docs/getting-started,0
https://www.instagram.com/careers,0
https://www.twitter.com/products,0
http://bit.ly/8iwhl8z,1
http://chase-billing-arji.club,1
http://t.co/q8x3a6y,1
https://www.mit.edu/blog/2024/update,0
http://unlock.americanexpress.gvtui.ml,1
https://www.stackoverflow.com/products,0
https://www.reddit.com/news/latest,0
https://www.nytimes.com/contact,0
https://www.linkedin.com/user/settings,0
http://americanexpress-suspend-account.info,1
https://www.linkedin.com/careers,0
http://account.instagram.9xm09.xyz,1
http://signin.usps.hoayd.ml,1
https://www.google.com/news/latest,0
https://www.paypal.com/news/latest,0
http://update.dhl.38wtq.ml,1
http://69.116.64.37/verify/dsy0pk.php,1
http://wellsfargo-billing-8mms.gq,1
http://42.219.147.200/account/oonr06.php,1
https://www.bankofamerica.com/blog/2024/update,0
http://recover.americanexpress.puyrz.cf,1
http://82.67.244.27/verify/vkyke9.php,1
https://www.espn.com/help/support,0
https://www.amazon.com/about,0
https://www.who.int/news/latest,0
https://www.salesforce.com/docs/getting-started,0
https://www.cnn.com/news/latest,0
https://www.paypal.com/careers,0
http://103.113.60.139/account/di6sou.php,1
https://www.github.com/blog/2024/update,0
http://92.166.40.180/suspend/gi5ou9.php,1
https://www.stackoverflow.com,0
https://www.nytimes.com/docs/getting-started,0
https://www.nasa.gov/careers,0
http://tinyurl.com/oijesg6,1
https://www.irs.gov/blog/2024/update,0
http://secure.bankofamerica.n064d.ml,1
https://www.netflix.com/contact,0
https://www.bbc.com/contact,0
https://www.harvard.edu/blog/2024/update,0
http://facebook-secure-z8sj.info,1
https://www.mit.edu/user/settings,0
http://chase-recover-ho0v.click,1
https://www.wikipedia.org/docs/getting-started,0
https://www.spotify.com/careers,0
https://www.bbc.com,0
http://bankofamerica-urgent-signin.ml,1
http://billing.netflix.53kwk.cf,1
https://www.adobe.com/blog/2024/update,0
http://t.co/mkzbooi,1
http://urgent.chase.4ulzu.info,1
http://account.google.pcuyh.click,1
http://signin.amazon.1b3eu.xyz,1
http://urgent.facebook.26oc7.top,1
https://www.apple.com/user/settings,0
http://bit.ly/4de4m6h,1
https://www.cnn.com/contact,0
https://www.github.com,0
https://www.irs.gov/help/support,0
https://www.microsoft.com/careers,0
http://t.co/q3dglcs,1
http://verify.wellsfargo.9sbtn.info,1
http://confirm.usps.hzz3r.club,1
https://www.bankofamerica.com/about,0
https://www.linkedin.com,0
https://www.spotify.com/user/settings,0
http://billing.facebook.4x2hg.click,1
http://dhl-confirm-ludb.club,1
http://instagram-login-signin.club,1
https://www.chase.com,0
https://www.harvard.edu/blog/2024/update,0
https://www.yahoo.com/docs/getting-started,0
http://195.163.181.224/verify/2ktbcu.php,1
https://www.who.int/careers,0
http://unlock.wellsfargo.7u00j.ml,1
https://www.mit.edu,0
https://www.apple.com/help/support,0
https://www.reddit.com/contact,0
http://63.23.237.112/verify/3dtlha.php,1
http://bankofamerica-urgent-signin.click,1
https://www.adobe.com/docs/getting-started,0
http://t.co/5bfz63p,1
https://www.irs.gov/docs/getting-started,0
https://www.harvard.edu/news/latest,0
https://www.github.com/blog/2024/update,0
https://www.microsoft.com/blog/2024/update,0
https://www.who.int/about,0
https://www.wikipedia.org/contact,0
http://billing.paypal.swdvr.info,1
http://americanexpress-signin-vxqs.tk,1
http://apple-support-center-update.xyz,1
https://www.spotify.com/news/latest,0
http://4.16.213.200/account/imzxfq.php,1
http://is.gd/jr0y2ef,1
http://t.co/oemigjg,1
https://www.un.org/about,0
http://paypal-suspend-3xd4.info,1
https://www.instagram.com,0
http://signin.amazon.uk3xf.xyz,1
https://www.github.com/user/settings,0
http://dhl-update-suspend.cf,1
https://www.mit.edu/about,0
http://unlock.facebook.stg4e.click,1
http://signin.amazon.ou0w7.info,1
https://www.un.org/products,0
https://www.microsoft.com/help/support,0
https://www.nasa.gov/about,0
http://google-recover-urgent.tk,1
https://www.netflix.com/help/support,0
http://243.102.86.216/urgent/yv2v1i.php,1
http://suspend.paypal.l195d.click,1
https://www.amazon.com/contact,0
http://google-confirm-0948.click,1
https://www.linkedin.com/contact,0
https://www.adobe.com/blog/2024/update,0
https://www.adobe.com/docs/getting-started,0
http://password.usps.vh3ej.tk,1
http://t.co/jiqxpoq,1
http://suspend.dhl.ast5j.tk,1
http://apple-signin-password.gq,1
https://www.stackoverflow.com/help/support,0
http://instagram-login-ds54.gq,1
http://bit.ly/90097iy,1
http://205.95.112.228/signin/2yvl55.php,1
https://www.twitter.com/blog/2024/update,0
https://www.bbc.com/docs/getting-started,0
https://www.linkedin.com/user/settings,0
http://netflix-login-password.xyz,1
https://www.dropbox.com/blog/2024/update,0
http://100.170.70.170/support-center/xgbsyo.php,1
http://paypal-billing-confirm.buzz,1
http://confirm.facebook.m6z6c.club,1
http://bankofamerica-billing-recover.club,1
https://www.twitter.com/user/settings,0
https://www.stackoverflow.com/contact,0
http://usps-urgent-login.ml,1
https://www.harvard.edu,0
https://www.microsoft.com,0
http://login.bankofamerica.ojbq9.click,1
http://dhl-suspend-aenn.buzz,1
https://www.microsoft.com/user/settings,0
http://unlock.instagram.lz16u.info,1
https://www.nytimes.com/contact,0
https://www.netflix.com/careers,0
https://www.irs.gov,0
http://tinyurl.com/ell6hyc,1
https://www.spotify.com/about,0
https://www.twitter.com/careers,0
http://billing.americanexpress.lvfow.buzz,1
https://www.dropbox.com/docs/getting-started,0
https://www.wikipedia.org/blog/2024/update,0
https://www.cnn.com,0
https://www.yahoo.com/products,0
https://www.cnn.com/contact,0
http://is.gd/yj5ci6v,1
http://usps-login-r969.gq,1
http://bit.ly/7ri0g6h,1
http://156.238.169.213/recover/rblrtv.php,1
https://www.linkedin.com,0
https://www.twitter.com/help/support,0
https://www.bankofamerica.com/about,0
https://www.apple.com,0
http://bit.ly/3dx90xd,1
http://12.220.221.4/account/c4xyjl.php,1
https://www.cnn.com/user/settings,0
http://26.67.57.131/recover/79o2xz.php,1
https://www.twitter.com/user/settings,0
http://wellsfargo-verify-login.club,1
http://147.30.69.199/suspend/x8c28n.php,1
https://www.who.int,0
https://www.yahoo.com/about,0
http://ow.ly/vk82wu9,1
https://www.linkedin.com/blog/2024/update,0
http://wellsfargo-confirm-xdo3.cf,1
http://ow.ly/rx35uaf,1
https://www.wikipedia.org/careers,0
http://signin.apple.0x8l4.click,1
http://recover.facebook.igppd.tk,1
http://google-login-confirm.click,1
http://bit.ly/xifsu0l,1
https://www.netflix.com/docs/getting-started,0
https://www.linkedin.com/help/support,0
http://dhl-recover-unlock.club,1
https://www.dropbox.com/docs/getting-started,0
https://www.apple.com/help/support,0
https://www.cnn.com/blog/2024/update,0
http://amazon-unlock-pr8d.info,1
http://ow.ly/przvs2i,1
http://64.237.136.79/confirm/5zkbww.php,1
https://www.github.com/contact,0
https://www.instagram.com/contact,0
https://www.stackoverflow.com/about,0
https://www.adobe.com/products,0
https://www.dropbox.com/help/support,0
http://is.gd/uetchbv,1
https://www.nytimes.com/about,0
http://unlock.usps.34lie.club,1
https://www.who.int/help/support,0
http://login.instagram.jm58t.gq,1
http://ow.ly/42lywbi,1
https://www.linkedin.com/about,0
http://usps-update-password.club,1
http://secure.bankofamerica.0xy2y.club,1
https://www.espn.com/contact,0
https://www.yahoo.com/about,0
http://password.microsoft.7zga6.tk,1
http://ow.ly/dantniq,1
https://www.un.org/user/settings,0
https://www.linkedin.com/about,0
http://americanexpress-confirm-4w9r.cf,1
https://www.google.com/contact,0
https://www.adobe.com,0
http://netflix-recover-password.info,1
http://support-center.netflix.goit2.cf,1
https://www.cnn.com/about,0
https://www.salesforce.com/blog/2024/update,0
http://microsoft-unlock-account.xyz,1
https://www.github.com/careers,0
http://instagram-password-zaql.info,1
https://www.stackoverflow.com/careers,0
http://bit.ly/vfjdrze,1
https://www.paypal.com/user/settings,0
https://www.who.int/blog/2024/update,0
https://www.spotify.com/docs/getting-started,0
https://www.paypal.com/products,0
http://bit.ly/a890ab7,1
https://www.bbc.com/careers,0
https://www.yahoo.com/user/settings,0
https://www.mit.edu/about,0
http://apple-confirm-76rk.buzz,1
http://dhl-update-recover.click,1
http://netflix-unlock-7o0t.club,1
http://tinyurl.com/w9y1lyf,1
https://www.nytimes.com/about,0
http://158.159.158.63/unlock/s5094d.php,1
https://www.microsoft.com/docs/getting-started,0
https://www.twitter.com/help/support,0
https://www.espn.com/about,0
https://www.wikipedia.org/contact,0
http://paypal-support-center-verify.click,1
https://www.bankofamerica.com/news/latest,0
http://urgent.wellsfargo.vevg9.xyz,1
https://www.bankofamerica.com/user/settings,0
http://netflix-signin-account.click,1
http://t.co/jtaa7iw,1
http://americanexpress-secure-5w77.xyz,1
https://www.instagram.com/careers,0
http://password.chase.of2tx.buzz,1
https://www.linkedin.com/help/support,0
https://www.mit.edu/docs/getting-started,0
https://www.chase.com/help/support,0
https://www.netflix.com/news/latest,0
http://is.gd/h02cequ,1
http://confirm.apple.ufdjk.tk,1
https://www.wikipedia.org/user/settings,0
https://www.un.org/news/latest,0
https://www.stackoverflow.com/help/support,0
http://chase-update-r6gi.tk,1
https://www.apple.com/careers,0
https://www.harvard.edu/docs/getting-started,0
https://www.yahoo.com/careers,0
https://www.irs.gov/about,0
https://www.yahoo.com,0
http://237.20.176.237/update/8clubn.php,1
http://73.159.18.231/account/u52vtj.php,1
https://www.google.com/contact,0
http://tinyurl.com/susdfo8,1
https://www.microsoft.com/news/latest,0
https://www.amazon.com,0
https://www.harvard.edu/news/latest,0
https://www.adobe.com/about,0
http://password.dhl.bywiq.info,1
https://www.espn.com/docs/getting-started,0
http://bankofamerica-account-billing.cf,1
http://77.42.145.62/urgent/y8vyif.php,1
http://google-suspend-recover.xyz,1
http://usps-confirm-9xhr.top,1
http://login.facebook.1iqxz.top,1
http://billing.amazon.5mmq7.top,1
http://netflix-login-p03e.top,1
http://215.232.128.153/suspend/b6pjs1.php,1
https://www.netflix.com/contact,0
http://update.microsoft.1ye24.club,1
https://www.bankofamerica.com/docs/getting-started,0
http://confirm.microsoft.e6h76.club,1
https://www.yahoo.com/help/support,0
https://www.wikipedia.org/blog/2024/update,0
http://verify.instagram.pac4j.ml,1
https://www.instagram.com/news/latest,0
http://bit.ly/n81ejb3,1
https://www.un.org/user/settings,0
https://www.microsoft.com/user/settings,0
http://confirm.instagram.ztv66.club,1
https://www.microsoft.com/contact,0
http://facebook-password-signin.club,1
https://www.apple.com/docs/getting-started,0
http://americanexpress-verify-login.info,1
https://www.irs.gov/contact,0
http://is.gd/5kfbosc,1
https://www.amazon.com/docs/getting-started,0
https://www.cnn.com/careers,0
https://www.instagram.com/help/support,0
https://www.github.com/blog/2024/update,0
https://www.netflix.com/contact,0
https://www.twitter.com/about,0
http://google-unlock-yj9d.gq,1
http://ow.ly/3julf5v,1
https://www.amazon.com,0
https://www.who.int/help/support,0
https://www.harvard.edu/products,0
http://147.36.136.94/signin/urphbl.php,1
http://bankofamerica-support-center-suspend.cf,1
https://www.netflix.com/contact,0
https://www.twitter.com/products,0
https://www.twitter.com/products,0
http://is.gd/520rn6h,1
http://microsoft-update-billing.cf,1
http://amazon-login-signin.club,1
http://bit.ly/s0yf9p7,1
http://urgent.amazon.8l9b3.info,1
https://www.harvard.edu/docs/getting-started,0
https://www.wikipedia.org/help/support,0
https://www.irs.gov/products,0
https://www.bankofamerica.com/blog/2024/update,0
https://www.microsoft.com/products,0
http://apple-signin-billing.club,1
https://www.stackoverflow.com/about,0
http://support-center.usps.54a6i.gq,1
https://www.google.com/about,0
https://www.google.com/help/support,0
http://bit.ly/73uaany,1
http://amazon-confirm-confirm.click,1
https://www.stackoverflow.com/careers,0
https://www.bbc.com/careers,0
https://www.bankofamerica.com/contact,0
https://www.espn.com/docs/getting-started,0
https://www.bbc.com/about,0
http://107.114.98.32/suspend/q4jnat.php,1
https://www.bbc.com,0
http://suspend.dhl.f1f1l.tk,1
http://ow.ly/jkloqmh,1
https://www.nasa.gov/careers,0
http://is.gd/pkyyoqf,1
http://is.gd/djrfco7,1
https://www.dropbox.com/news/latest,0
http://ow.ly/7s361gh,1
http://100.224.121.12/unlock/yxqbwe.php,1
https://www.irs.gov/contact,0
https://www.paypal.com/help/support,0
http://87.153.253.158/password/b1k1kd.php,1
http://12.230.43.127/secure/0gqmmh.php,1
https://www.netflix.com/news/latest,0
https://www.paypal.com/careers,0
http://unlock.usps.m8lsw.click,1
https://www.who.int/user/settings,0
http://chase-signin-support-center.club,1
http://tinyurl.com/j1tv28i,1
https://www.amazon.com/about,0
http://instagram-unlock-igct.tk,1
http://chase-password-3sy6.click,1
http://t.co/qxj4eff,1
https://www.who.int/docs/getting-started,0
https://www.un.org/products,0
https://www.spotify.com/products,0
https://www.who.int,0
http://tinyurl.com/xgx8wdz,1
https://www.paypal.com/products,0
https://www.mit.edu/help/support,0
https://www.salesforce.com/contact,0
https://www.irs.gov/docs/getting-started,0
http://124.173.123.123/account/k0bpci.php,1
http://t.co/e8zn1n5,1
http://47.35.75.29/unlock/32r5mu.php,1
http://verify.instagram.2yzb4.tk,1
https://www.nasa.gov/products,0
http://google-support-center-login.click,1
http://amazon-suspend-tkec.ml,1
https://www.espn.com/user/settings,0
http://urgent.amazon.yzwjs.buzz,1
http://billing.wellsfargo.a99jh.gq,1
https://www.twitter.com/user/settings,0
https://www.nytimes.com/news/latest,0
http://ow.ly/7kxxsy0,1
http://paypal-recover-support-center.tk,1
https://www.mit.edu/user/settings,0
https://www.netflix.com/blog/2024/update,0
https://www.adobe.com/news/latest,0
https://www.yahoo.com/user/settings,0
http://usps-login-support-center.top,1
http://ow.ly/7cqkdsm,1
https://www.irs.gov/products,0
http://164.138.138.158/secure/rftf6n.php,1
http://bit.ly/c8mxau7,1
http://update.facebook.61lgg.xyz,1
https://www.who.int/news/latest,0
https://www.adobe.com/news/latest,0
http://microsoft-verify-c2dp.top,1
https://www.harvard.edu/products,0
http://wellsfargo-urgent-support-center.info,1
https://www.linkedin.com/user/settings,0
http://chase-urgent-btkw.gq,1
http://google-confirm-taqx.tk,1
https://www.chase.com/news/latest,0
https://www.chase.com/about,0
https://www.instagram.com/news/latest,0
https://www.linkedin.com/blog/2024/update,0
https://www.adobe.com,0
https://www.espn.com,0
https://www.nasa.gov/user/settings,0
https://www.github.com/user/settings,0
http://97.225.164.66/billing/8ddgbd.php,1
http://google-urgent-urgent.ml,1
http://wellsfargo-suspend-update.club,1
http://is.gd/0khidkg,1
http://bit.ly/pywssbz,1
https://www.paypal.com/about,0
http://unlock.amazon.6y39c.top,1
http://ow.ly/iy1l58l,1
https://www.paypal.com/about,0
http://147.165.215.100/unlock/57qdxo.php,1
http://136.145.3.157/unlock/k2wnj0.php,1
http://login.wellsfargo.5yhp5.info,1
http://password.americanexpress.9ke7j.tk,1
https://www.nytimes.com/blog/2024/update,0
http://account.americanexpress.7sfqm.gq,1
http://apple-update-secure.club,1
http://americanexpress-unlock-qlav.cf,1
https://www.paypal.com/user/settings,0
http://paypal-suspend-7okc.click,1
https://www.harvard.edu/careers,0
https://www.cnn.com/user/settings,0
https://www.cnn.com/contact,0
https://www.bankofamerica.com/about,0
https://www.twitter.com,0
https://www.amazon.com,0
https://www.microsoft.com/blog/2024/update,0
https://www.cnn.com/user/settings,0
http://t.co/vzfv8yu,1
http://bankofamerica-suspend-confirm.tk,1
http://69.40.98.183/billing/jyuxgf.php,1
http://254.246.110.52/recover/itkrfx.php,1
https://www.dropbox.com/about,0
http://billing.paypal.tgn7p.ml,1
http://ow.ly/1feqoxf,1
https://www.nytimes.com/contact,0
https://www.un.org/help/support,0
http://wellsfargo-urgent-suspend.gq,1
https://www.mit.edu/contact,0
http://apple-signin-bm21.ml,1
http://224.217.113.26/suspend/3aj0je.php,1
https://www.mit.edu/user/settings,0
http://usps-recover-suspend.xyz,1
http://apple-support-center-72hn.gq,1
http://verify.dhl.k5fvd.info,1
http://bit.ly/xvh0tb4,1
http://wellsfargo-support-center-d939.click,1
https://www.instagram.com/docs/getting-started,0
https://www.espn.com/news/latest,0
http://suspend.google.54ta1.xyz,1
http://secure.bankofamerica.4potj.buzz,1
https://www.microsoft.com/blog/2024/update,0
https://www.salesforce.com/help/support,0
http://login.instagram.itato.buzz,1
http://usps-support-center-9xfz.ml,1
https://www.google.com/careers,0
https://www.paypal.com/user/settings,0
http://243.199.210.45/unlock/52am7s.php,1
http://google-account-5zm9.buzz,1
http://google-confirm-0h8w.cf,1
https://www.adobe.com/news/latest,0
https://www.linkedin.com/blog/2024/update,0
https://www.instagram.com/careers,0
http://ow.ly/46lligy,1
http://netflix-suspend-login.top,1
https://www.mit.edu/user/settings,0
https://www.amazon.com/blog/2024/update,0
http://t.co/g1iq4of,1
http://244.104.219.116/suspend/9pg3gi.php,1
http://bankofamerica-secure-support-center.info,1
https://www.bankofamerica.com/docs/getting-started,0
http://americanexpress-urgent-6khx.xyz,1
https://www.salesforce.com/user/settings,0
https://www.stackoverflow.com,0
http://165.185.159.17/billing/cew6gs.php,1
https://www.linkedin.com/about,0
https://www.wikipedia.org,0
https://www.paypal.com/products,0
https://www.irs.gov/products,0
http://apple-billing-secure.ml,1
http://bit.ly/p1z7fzt,1
http://47.155.82.236/billing/og5jve.php,1
https://www.nasa.gov/news/latest,0
https://www.microsoft.com/about,0
https://www.github.com,0
http://is.gd/0u9daqm,1
https://www.amazon.com/contact,0
https://www.chase.com/user/settings,0
http://instagram-unlock-zczv.click,1
http://americanexpress-secure-3178.buzz,1
http://usps-billing-password.click,1
http://134.2.97.168/account/u0xgj1.php,1
https://www.paypal.com/news/latest,0
http://suspend.chase.qwb0h.buzz,1
http://tinyurl.com/ho2kgn6,1
https://www.dropbox.com,0
http://americanexpress-suspend-he42.ml,1
https://www.reddit.com/help/support,0
http://verify.wellsfargo.37wi9.cf,1
http://google-account-0xxz.ml,1
http://unlock.dhl.1hgca.gq,1
http://ow.ly/cepsof1,1
http://t.co/a3s8ke2,1
http://facebook-suspend-u47y.info,1
https://www.bbc.com/docs/getting-started,0
https://www.salesforce.com,0
https://www.dropbox.com/careers,0
http://bankofamerica-password-account.ml,1
https://www.cnn.com/careers,0
https://www.linkedin.com/products,0
https://www.twitter.com/blog/2024/update,0
http://signin.paypal.9mx9s.xyz,1
http://158.91.62.147/signin/lf7xe7.php,1
http://tinyurl.com/3mvg0ch,1
http://chase-secure-rr2j.info,1
https://www.netflix.com/about,0
http://americanexpress-support-center-qnom.info,1
http://93.65.242.64/recover/5m3git.php,1
https://www.twitter.com/help/support,0
http://paypal-support-center-xpue.click,1
http://apple-account-e9nn.click,1
http://password.facebook.g4unx.cf,1
https://www.yahoo.com/contact,0
https://www.microsoft.com/blog/2024/update,0
https://www.linkedin.com/blog/2024/update,0
https://www.linkedin.com/about,0
https://www.nytimes.com/contact,0
http://netflix-secure-unlock.tk,1
https://www.instagram.com/products,0
http://paypal-billing-148c.buzz,1
http://urgent.amazon.d96m8.top,1
https://www.who.int/news/latest,0
http://165.140.100.48/confirm/yxl2cq.php,1
https://www.reddit.com/contact,0
https://www.netflix.com/careers,0
https://www.wikipedia.org/help/support,0
https://www.chase.com/products,0
http://t.co/9qikqav,1
http://americanexpress-support-center-account.ml,1
https://www.harvard.edu/products,0
https://www.google.com/user/settings,0
https://www.nasa.gov/docs/getting-started,0
https://www.irs.gov/news/latest,0
http://12.26.161.201/support-center/3bhk23.php,1
https://www.bankofamerica.com/about,0
http://facebook-billing-signin.top,1
http://dhl-password-afbq.cf,1
https://www.instagram.com,0
https://www.bankofamerica.com/news/latest,0
https://www.salesforce.com,0
https://www.bbc.com/contact,0
https://www.netflix.com/contact,0
https://www.cnn.com/blog/2024/update,0
https://www.cnn.com/products,0
https://www.bbc.com/help/support,0
http://181.223.174.135/billing/ov77g1.php,1
http://verify.chase.51liy.xyz,1
http://tinyurl.com/x994qtw,1
http://wellsfargo-account-account.info,1
http://wellsfargo-password-support-center.info,1
https://www.paypal.com/docs/getting-started,0
https://www.linkedin.com/products,0
http://verify.americanexpress.xooi4.tk,1
http://166.172.109.131/confirm/bxtlnv.php,1
http://facebook-signin-et1p.gq,1
http://facebook-billing-verify.top,1
https://www.espn.com/news/latest,0
https://www.wikipedia.org/docs/getting-started,0
http://instagram-confirm-llpu.ml,1
http://214.147.172.127/secure/f6egqo.php,1
http://76.92.96.111/secure/p70lkl.php,1
http://bit.ly/w1rdezx,1
https://www.apple.com/help/support,0
https://www.harvard.edu/contact,0
https://www.bankofamerica.com/news/latest,0
https://www.adobe.com/blog/2024/update,0
https://www.instagram.com/docs/getting-started,0
http://recover.instagram.mk563.gq,1
https://www.harvard.edu/careers,0
https://www.stackoverflow.com/user/settings,0
https://www.yahoo.com/docs/getting-started,0
http://ow.ly/5w6uyrl,1
https://www.nytimes.com/user/settings,0
http://ow.ly/jsu0uhg,1
http://facebook-billing-suspend.buzz,1
https://www.who.int/products,0
http://t.co/8sb7x66,1
http://unlock.bankofamerica.cem9n.click,1
https://www.stackoverflow.com/help/support,0
http://apple-confirm-verify.buzz,1
http://microsoft-account-yp59.gq,1
https://www.cnn.com/about,0
https://www.stackoverflow.com/news/latest,0
http://74.245.183.21/confirm/2q4nm8.php,1
http://americanexpress-confirm-paaf.cf,1
https://www.twitter.com/careers,0
https://www.spotify.com/docs/getting-started,0
https://www.apple.com/contact,0
http://password.americanexpress.4pv33.ml,1
https://www.mit.edu/user/settings,0
http://recover.amazon.rq8ly.buzz,1
http://americanexpress-billing-5ul9.ml,1
https://www.irs.gov/blog/2024/update,0
https://www.dropbox.com,0
http://bit.ly/4ok2ecs,1
http://americanexpress-password-l8d7.buzz,1
https://www.instagram.com/careers,0
http://bit.ly/xz3potf,1
https://www.dropbox.com,0
https://www.instagram.com/about,0
http://6.17.51.232/unlock/2ifvhc.php,1
http://ow.ly/6jwb4gs,1
http://chase-login-6o9y.tk,1
https://www.adobe.com/contact,0
https://www.dropbox.com/user/settings,0
https://www.stackoverflow.com/docs/getting-started,0
https://www.bbc.com/contact,0
https://www.nasa.gov/careers,0
http://bit.ly/mvo84w6,1
https://www.paypal.com/blog/2024/update,0
http://verify.facebook.e536x.tk,1
https://www.paypal.com/careers,0
https://www.irs.gov/about,0
http://update.wellsfargo.pzt3e.cf,1
https://www.adobe.com/blog/2024/update,0
http://facebook-verify-suspend.club,1
http://unlock.microsoft.kfrzw.xyz,1
http://117.34.132.107/password/d93tbz.php,1
http://apple-account-account.click,1
https://www.salesforce.com/blog/2024/update,0
http://157.223.98.159/unlock/p5jo3q.php,1
https://www.paypal.com/user/settings,0
https://www.paypal.com/about,0
http://159.227.242.144/confirm/oe3t0h.php,1
https://www.nytimes.com/news/latest,0
https://www.salesforce.com/help/support,0
https://www.salesforce.com,0
http://106.91.224.171/billing/1dstwg.php,1
http://americanexpress-secure-recover.xyz,1
https://www.microsoft.com/contact,0
https://www.salesforce.com/blog/2024/update,0
https://www.bankofamerica.com/contact,0
https://www.microsoft.com/blog/2024/update,0
https://www.microsoft.com,0
http://ow.ly/t0djimv,1
http://242.79.114.93/billing/rgifl1.php,1
http://dhl-password-al05.club,1
https://www.microsoft.com/docs/getting-started,0
http://netflix-confirm-verify.top,1
http://60.24.39.4/password/nv0t5x.php,1
https://www.spotify.com/help/support,0
https://www.harvard.edu/careers,0
https://www.harvard.edu/products,0
https://www.who.int,0
https://www.espn.com/about,0
http://recover.microsoft.vicw8.top,1
http://dhl-support-center-signin.club,1
https://www.espn.com/docs/getting-started,0
http://dhl-login-w2g9.buzz,1
https://www.instagram.com/about,0
http://bit.ly/riipjup,1
https://www.yahoo.com/help/support,0
http://103.172.25.48/secure/4upaqy.php,1
http://ow.ly/4p4tfzc,1
http://bit.ly/hjwtv3n,1
http://netflix-support-center-confirm.tk,1
https://www.amazon.com/blog/2024/update,0
https://www.microsoft.com/products,0
https://www.dropbox.com/news/latest,0
http://verify.usps.xh6dl.click,1
https://www.harvard.edu/news/latest,0
http://facebook-account-secure.cf,1
https://www.stackoverflow.com/help/support,0
https://www.wikipedia.org/products,0
https://www.github.com/contact,0
http://dhl-confirm-jpgj.gq,1
http://instagram-unlock-j4wc.click,1
http://amazon-urgent-urgent.gq,1
https://www.dropbox.com/help/support,0
https://www.yahoo.com/help/support,0
http://usps-suspend-71hs.club,1
https://www.irs.gov/blog/2024/update,0
http://dhl-suspend-49ah.click,1
https://www.stackoverflow.com/help/support,0
http://ow.ly/xd6ket6,1
http://is.gd/csmu6fg,1
http://bit.ly/pnw1kin,1
https://www.nytimes.com/user/settings,0
http://apple-verify-billing.cf,1
http://billing.amazon.7ol7e.gq,1
http://chase-update-kc95.ml,1
https://www.microsoft.com/user/settings,0
http://netflix-update-support-center.buzz,1
http://is.gd/qordjgf,1
http://update.wellsfargo.21k2w.tk,1
https://www.microsoft.com/careers,0
https://www.twitter.com,0
http://netflix-confirm-f2xf.info,1
https://www.instagram.com/products,0
http://instagram-confirm-suspend.ml,1
http://t.co/e7qyo7z,1
http://google-secure-account.tk,1
https://www.linkedin.com/products,0
http://americanexpress-update-unlock.gq,1
http://americanexpress-confirm-login.top,1
https://www.yahoo.com/news/latest,0
https://www.bankofamerica.com/products,0
http://urgent.bankofamerica.j2xx2.xyz,1
https://www.stackoverflow.com/about,0
http://americanexpress-account-suspend.buzz,1
http://102.94.129.3/unlock/pk6i2k.php,1
https://www.github.com,0
http://update.wellsfargo.6rdqy.info,1
http://google-support-center-e05i.tk,1
https://www.paypal.com/help/support,0
https://www.un.org/contact,0
https://www.bbc.com/careers,0
https://www.yahoo.com/docs/getting-started,0
http://tinyurl.com/f322f52,1
https://www.paypal.com/news/latest,0
http://urgent.google.eoyyi.click,1
http://wellsfargo-secure-irtr.ml,1
https://www.netflix.com/docs/getting-started,0
http://unlock.americanexpress.eb6bz.top,1
http://234.236.45.107/support-center/lcz5ls.php,1
https://www.google.com/about,0
http://42.88.59.81/confirm/srzr2x.php,1
http://191.240.141.134/verify/q4tmxd.php,1
https://www.nytimes.com,0
https://www.mit.edu,0
https://www.irs.gov,0
https://www.google.com/docs/getting-started,0
https://www.reddit.com/docs/getting-started,0
http://usps-account-update.ml,1
http://21.12.243.165/billing/qn0b58.php,1
https://www.espn.com/blog/2024/update,0
http://bit.ly/50rcxn2,1
http://tinyurl.com/aupo1rx,1
http://usps-login-password.top,1
http://bankofamerica-suspend-suspend.ml,1
https://www.twitter.com/docs/getting-started,0
https://www.chase.com/blog/2024/update,0
http://secure.paypal.zejbf.club,1
http://password.apple.v8wq4.buzz,1
https://www.espn.com/docs/getting-started,0
https://www.harvard.edu/blog/2024/update,0
https://www.netflix.com/docs/getting-started,0
http://netflix-billing-secure.top,1
https://www.mit.edu/contact,0
http://secure.google.iogrp.click,1
http://usps-signin-account.buzz,1
http://tinyurl.com/0v3z0gu,1
https://www.instagram.com/about,0
https://www.instagram.com/about,0
https://www.amazon.com/user/settings,0
https://www.instagram.com/products,0
http://230.26.36.193/verify/yw1uip.php,1
http://usps-unlock-v0ze.club,1
http://account.bankofamerica.si366.click,1
https://www.mit.edu/user/settings,0
http://instagram-secure-secure.click,1
http://bit.ly/7n4ytuk,1
http://222.200.248.197/unlock/a4ilao.php,1
http://68.138.32.117/confirm/qyxgo4.php,1
http://37.218.156.174/billing/2ciepx.php,1
http://billing.wellsfargo.od4k7.click,1
https://www.nytimes.com/about,0
http://ow.ly/xrzn099,1
https://www.nasa.gov/careers,0
http://microsoft-billing-signin.buzz,1
http://microsoft-suspend-tots.tk,1
http://suspend.wellsfargo.2fys3.cf,1
http://usps-suspend-u5tq.buzz,1
https://www.wikipedia.org/blog/2024/update,0
http://verify.microsoft.fnbdv.cf,1
http://165.240.41.130/support-center/45ke5u.php,1
http://dhl-suspend-ohmi.gq,1
https://www.stackoverflow.com,0
https://www.adobe.com/help/support,0
https://www.chase.com/docs/getting-started,0
https://www.paypal.com,0
https://www.dropbox.com/blog/2024/update,0
http://ow.ly/qx22zac,1
http://confirm.apple.rhbv1.club,1
http://netflix-update-support-center.club,1
https://www.un.org/careers,0
https://www.un.org,0
https://www.chase.com/help/support,0
https://www.mit.edu/products,0
http://verify.paypal.dlq9e.top,1
https://www.github.com/help/support,0
http://181.25.1.55/password/eio72a.php,1
https://www.apple.com/help/support,0
http://t.co/jrmhc0b,1
https://www.wikipedia.org/products,0
http://wellsfargo-password-32wt.gq,1
http://bankofamerica-verify-e49d.top,1
http://dhl-confirm-account.click,1
http://wellsfargo-urgent-8mit.club,1
http://apple-signin-suspend.buzz,1
https://www.linkedin.com/blog/2024/update,0
http://paypal-recover-signin.ml,1
https://www.amazon.com/careers,0
https://www.un.org/about,0
http://175.8.62.96/password/2l49ww.php,1
http://10.36.183.86/billing/473j6i.php,1
http://password.amazon.tz45q.top,1
https://www.stackoverflow.com/contact,0
https://www.mit.edu/blog/2024/update,0
https://www.twitter.com/news/latest,0
https://www.yahoo.com/careers,0
http://dhl-urgent-w8r8.xyz,1
http://39.13.249.137/login/lgsri2.php,1
http://2.147.153.101/suspend/9ftnwn.php,1
https://www.paypal.com,0
http://bit.ly/0xp2s2o,1
http://update.instagram.q3tmy.ml,1
http://microsoft-unlock-pl99.buzz,1
https://www.instagram.com/blog/2024/update,0
https://www.adobe.com,0
http://apple-urgent-verify.top,1
https://www.yahoo.com/careers,0
https://www.bbc.com/about,0
http://29.190.14.63/urgent/jsavht.php,1
http://198.102.135.196/verify/gqjfyt.php,1
https://www.harvard.edu/help/support,0
https://www.bankofamerica.com/news/latest,0
https://www.yahoo.com/help/support,0
https://www.instagram.com/user/settings,0
http://signin.dhl.ivf4d.club,1
http://bit.ly/k1z5by1,1
http://bit.ly/nnreg8l,1
http://netflix-signin-ve9l.top,1
http://paypal-unlock-powt.xyz,1
https://www.spotify.com/blog/2024/update,0
https://www.apple.com,0
http://bankofamerica-recover-6t9u.click,1
https://www.netflix.com/news/latest,0
http://usps-billing-support-center.cf,1
http://americanexpress-signin-p6sd.buzz,1
http://apple-billing-mic1.info,1
https://www.nasa.gov/help/support,0
https://www.nytimes.com/docs/getting-started,0
https://www.google.com/about,0
http://usps-account-g5mg.xyz,1
http://is.gd/bvn8nn8,1
https://www.mit.edu/products,0
https://www.paypal.com/news/latest,0
https://www.spotify.com/docs/getting-started,0
http://google-verify-doob.xyz,1
http://unlock.google.d4z1g.xyz,1
http://34.4.92.203/billing/publqd.php,1
http://support-center.chase.v9i5v.tk,1
https://www.adobe.com/products,0
http://bit.ly/hpy2pcm,1
https://www.instagram.com/help/support,0
https://www.nasa.gov/help/support,0
https://www.wikipedia.org,0
http://support-center.amazon.jics4.gq,1
https://www.adobe.com/help/support,0
https://www.wikipedia.org/careers,0
http://amazon-unlock-1uak.info,1
http://251.77.119.173/recover/818yop.php,1
https://www.adobe.com/user/settings,0
http://instagram-confirm-billing.gq,1
http://americanexpress-support-center-account.xyz,1
http://tinyurl.com/8a170xc,1
https://www.microsoft.com/user/settings,0
http://paypal-recover-hmb2.click,1
http://bankofamerica-recover-sila.tk,1
https://www.netflix.com/blog/2024/update,0
https://www.yahoo.com/products,0
https://www.who.int/blog/2024/update,0
http://confirm.usps.1up8n.ml,1
http://dhl-urgent-password.click,1
https://www.apple.com/news/latest,0
https://www.netflix.com/careers,0
http://76.211.170.161/urgent/4mgbnk.php,1
https://www.twitter.com/careers,0
http://85.53.250.49/signin/98qstp.php,1
https://www.bankofamerica.com/contact,0
https://www.mit.edu/careers,0
http://chase-secure-fv2a.gq,1
http://secure.microsoft.jel53.click,1
http://chase-urgent-dwa5.cf,1
http://t.co/g7con4r,1
https://www.microsoft.com/careers,0
https://www.who.int/help/support,0
https://www.cnn.com,0
http://tinyurl.com/cjudt59,1
https://www.linkedin.com/docs/getting-started,0
http://is.gd/0k05yw8,1
http://recover.netflix.fm2n0.ml,1
https://www.adobe.com,0
http://172.53.133.233/billing/xy43cc.php,1
https://www.irs.gov/docs/getting-started,0
http://account.usps.yo0cu.info,1
http://188.207.27.27/confirm/xtiyij.php,1
https://www.linkedin.com/docs/getting-started,0
http://tinyurl.com/jgggs8w,1
https://www.google.com/news/latest,0
http://bankofamerica-urgent-recover.club,1
http://ow.ly/960gbfw,1
http://chase-suspend-dtql.ml,1
https://www.netflix.com/user/settings,0
https://www.harvard.edu,0
https://www.nasa.gov/help/support,0
http://dhl-account-eqxo.cf,1
http://instagram-secure-verify.xyz,1
https://www.amazon.com/docs/getting-started,0
http://tinyurl.com/evzubr2,1
http://ow.ly/a8c4xu5,1
http://tinyurl.com/oe6rnjl,1
https://www.nytimes.com/user/settings,0
https://www.un.org/docs/getting-started,0
http://suspend.dhl.o9dy7.ml,1
http://account.microsoft.wqgad.top,1
https://www.amazon.com/about,0
http://229.147.38.15/secure/ql7zbs.php,1
https://www.harvard.edu/docs/getting-started,0
http://suspend.instagram.qmaa7.ml,1
http://t.co/wnrlm5m,1
http://apple-billing-support-center.ml,1
http://111.25.191.190/confirm/i9d99v.php,1
http://instagram-billing-unlock.gq,1
https://www.spotify.com/about,0
http://wellsfargo-verify-verify.info,1
http://dhl-signin-signin.ml,1
https://www.salesforce.com/user/settings,0
http://instagram-suspend-billing.click,1
http://google-password-2trd.top,1
http://paypal-confirm-s97x.gq,1
http://recover.usps.cnujf.click,1
https://www.dropbox.com/blog/2024/update,0
https://www.reddit.com/contact,0
https://www.amazon.com/contact,0
https://www.chase.com/careers,0
https://www.nytimes.com/user/settings,0
http://apple-password-update.club,1
https://www.apple.com/user/settings,0
https://www.cnn.com/careers,0
http://174.205.43.239/recover/p7l9kv.php,1
https://www.spotify.com/help/support,0
https://www.stackoverflow.com/blog/2024/update,0
https://www.instagram.com/docs/getting-started,0
https://www.who.int/docs/getting-started,0
https://www.spotify.com/docs/getting-started,0
http://chase-login-2rnk.xyz,1
http://is.gd/6i5a7d9,1
http://instagram-recover-signin.tk,1
https://www.apple.com,0
http://dhl-unlock-f727.info,1
http://unlock.netflix.rqtmj.gq,1
http://bit.ly/wonvvxs,1
https://www.espn.com/news/latest,0
http://password.netflix.7v1iv.buzz,1
https://www.bankofamerica.com/help/support,0
http://99.130.116.196/suspend/rhigzx.php,1
http://google-support-center-omxj.xyz,1
http://69.199.111.83/unlock/fh01xw.php,1
https://www.reddit.com/products,0
https://www.paypal.com/docs/getting-started,0
http://bit.ly/w31gkl9,1
https://www.harvard.edu/docs/getting-started,0
https://www.microsoft.com/blog/2024/update,0
https://www.bbc.com/blog/2024/update,0
https://www.spotify.com/about,0
https://www.bbc.com/products,0
https://www.nasa.gov/news/latest,0
https://www.instagram.com/contact,0
https://www.irs.gov/help/support,0
http://72.99.36.108/account/7p8byw.php,1
http://paypal-update-5hgp.xyz,1
http://90.91.217.118/urgent/ltfiuh.php,1
http://microsoft-suspend-6505.ml,1
http://verify.bankofamerica.57tco.tk,1
https://www.nasa.gov/news/latest,0
https://www.spotify.com/help/support,0
http://paypal-unlock-verify.tk,1
https://www.stackoverflow.com/contact,0
https://www.google.com/products,0
http://ow.ly/g9e6svh,1
